TIME,STRA
0,3.01289847826697
5.74540024354647e-30,3.01289847826698
4.36651296554905e-15,3.01289847826699
8.7330259310981e-15,3.01289847826698
3.05655907588433e-14,3.01289847826696
5.23981555865885e-14,3.01289847826698
1.61560979725315e-13,3.01289847826698
2.70723803864041e-13,3.01289847826698
8.16537924557671e-13,3.01289847826698
1.3623520452513e-12,3.01289847826698
4.09142264871946e-12,3.01289847826696
6.82049325218761e-12,3.01289847826698
2.04658462695284e-11,3.01289847826699
3.41111992868691e-11,3.01289847826698
1.02337964373573e-10,3.01289847826699
1.70564729460277e-10,3.01289847826698
5.11698554893796e-10,3.01289847826699
8.52832380327315e-10,3.01289847826698
2.55850150749491e-09,3.01289847826696
4.26417063466251e-09,3.01289847826698
1.27925162705005e-08,3.01289847826698
2.13208619063385e-08,3.01289847826698
6.39625900855284e-08,3.01289847826698
1.06604318264718e-07,3.01289847826698
3.19812959160668e-07,3.01289847826698
5.33021600056617e-07,3.01289847826698
1.59906480453636e-06,3.01289847826698
2.66510800901611e-06,3.01289847826698
7.99532403141485e-06,3.01289847826696
1.33255400538136e-05,3.01289847826698
3.8248948088766e-05,3.01289847826699
6.31723561237184e-05,3.0128984782671
0.000115619496134402,3.01289847826769
0.000168066636145085,3.01289847826911
0.00024729710620468,3.01289847827353
0.000326527576264276,3.01289847828188
0.000463497631022237,3.01289847830827
0.000600467685780198,3.01289847835517
0.000817807420749802,3.01289847848095
0.000821422227650235,3.01289847848365
0.000825037034550669,3.01289847848635
0.000843111069052837,3.01289847850022
0.000861185103555005,3.01289847851472
0.000951555276065845,3.01289847859574
0.00104192544857669,3.01289847869216
0.00145153551631409,3.01289847935004
0.0018611455840515,3.01289848042342
0.00269973031960632,3.01289848409589
0.00353831505516114,3.01289849024547
0.00437689979071596,3.01289849936995
0.00521548452627078,3.01289851272076
0.00583549631719196,3.01289852562371
0.00645550810811314,3.01289854140164
0.00707551989903432,3.01289855980515
0.0076955316899555,3.01289857967805
0.00831554348087668,3.01289859999916
0.00893555527179786,3.01289861848984
0.00955556706271904,3.01289863410106
0.0101755788536402,3.01289864552051
0.0107955906445614,3.01289865286158
0.0114156024354826,3.01289865721478
0.0123153369873465,3.01289866020465
0.0132150715392104,3.01289866098997
0.0138282075412103,3.01289866004813
0.0144413435432102,3.01289865713247
0.0150544795452101,3.01289865195274
0.01566761554721,3.01289864469475
0.0162807515492099,3.0128986359707
0.0168938875512098,3.01289862696429
0.0175070235532097,3.0128986179358
0.0181201595552096,3.01289860865302
0.0190004607661956,3.01289859383846
0.0198807619771816,3.01289857662977
0.0207610631881677,3.0128985578192
0.0216413643991537,3.01289853908917
0.0225216656101397,3.01289852063513
0.0234019668211257,3.01289850185724
0.0249007580810607,3.01289846855576
0.0263995493409957,3.01289843561861
0.0281997746704978,3.01289839851694
0.03,3.01289836577476
0.0330149778682997,3.01289832364454
0.0360299557365993,3.01289830318163
0.0399421414159776,3.01289830816573
0.0438543270953559,3.01289833467515
0.0477665127747341,3.01289836954834
0.0516786984541124,3.01289838984073
0.0522874496728258,3.01289839154256
0.0528962008915392,3.01289839260439
0.0549217516420361,3.01289839165628
0.056947302392533,3.01289838426357
0.0584736511962665,3.01289837466798
0.06,3.01289836223929
0.0640684294640437,3.01289831934235
0.0681368589280874,3.01289827084375
0.0738743031008751,3.01289820548625
0.0796117472736628,3.01289816207256
0.0848058736368314,3.0128981429091
0.09,3.01289813464616
0.0951941263631686,3.01289812839948
0.100388252726337,3.01289811154251
0.100388618811805,3.01289811154076
0.100388618811806,3.01289811154077
0.100463573034681,3.01289811121935
0.100538527257556,3.01289811089469
0.100613481480431,3.01289811056675
0.100688435703306,3.0128981102354
0.100747803424998,3.01289810997054
0.100807171146691,3.01289810970351
0.101104009755154,3.01289810833477
0.101400848363618,3.01289810690912
0.102885041405934,3.01289809898244
0.10436923444825,3.01289808992134
0.108658353549112,3.01289805906529
0.112947472649973,3.01289802498827
0.116473736324987,3.01289799634115
0.12,3.01289797024815
0.12000307004027,3.01289797022657
0.12000614008054,3.01289797020495
0.120021490281892,3.01289797009716
0.120036840483243,3.01289796999051
0.120066321058753,3.01289796979363
0.120095801634264,3.01289796962239
0.12014048669845,3.01289796944762
0.120185171762637,3.01289796945962
0.120229856826823,3.01289796971203
0.120274541891009,3.01289797030549
0.120337138773164,3.01289797178537
0.120399735655319,3.01289797406161
0.120426801025037,3.01289797528606
0.120453866394754,3.01289797663409
0.120507200708603,3.01289797957847
0.120560535022451,3.01289798272674
0.120641427463125,3.01289798757222
0.120666230424863,3.01289798897602
0.120666230424864,3.01289798897603
0.12066723601056,3.01289798903343
0.120667236010561,3.01289798903342
0.120748128451234,3.01289799333696
0.120829020891908,3.01289799702403
0.120909913332581,3.01289800018175
0.120990805773254,3.01289800305407
0.121049782755229,3.01289800502058
0.121108759737204,3.01289800689452
0.121148071169658,3.01289800806705
0.121187382602111,3.0128980091054
0.121267415430792,3.0128980105428
0.121340910543918,3.01289801058474
0.121340910543919,3.01289801058476
0.121341123645105,3.01289801058318
0.121341336746291,3.01289801058165
0.121342402252222,3.01289801057351
0.121343467758153,3.01289801056512
0.121347861906789,3.01289801052681
0.121352256055425,3.01289801048278
0.121374226798607,3.0128980101738
0.121396197541789,3.0128980097116
0.121443032594654,3.01289800819696
0.121489867647519,3.01289800594859
0.121536702700384,3.01289800297436
0.12158353775325,3.01289799931385
0.12164055639388,3.012897993983
0.12169757503451,3.01289798778372
0.121754593675141,3.01289798074105
0.121811612315771,3.01289797283751
0.121846262005644,3.01289796759698
0.121880911695517,3.01289796197989
0.121966525785369,3.01289794624981
0.121975394237095,3.01289794444394
0.121975394237095,3.01289794444391
0.121978713235877,3.01289794376556
0.121982032234659,3.0128979430825
0.122015292267075,3.01289793596773
0.122048552299492,3.01289792834539
0.122104663044721,3.01289791429869
0.122160773789951,3.01289789873537
0.12221688453518,3.01289788167604
0.12227299528041,3.01289786320781
0.122345330508202,3.01289783744013
0.122417665735995,3.01289780965845
0.122472647404879,3.012897787221
0.122507171341515,3.012897772558
0.122540768569144,3.01289775784734
0.122574365796772,3.01289774267655
0.122664166027621,3.01289769968825
0.122701404339867,3.01289768076465
0.122738642652113,3.01289766115178
0.122792915153297,3.01289763131934
0.122847187654481,3.01289760002091
0.122918190461438,3.01289755693817
0.122989193268396,3.0128975116534
0.123060196075353,3.01289746430361
0.123131198882311,3.01289741509372
0.123202201689268,3.0128973640501
0.123273204496226,3.01289731112177
0.123372570885627,3.01289723369765
0.123471937275029,3.01289715208889
0.123548896884065,3.01289708599505
0.123625856493102,3.01289701750627
0.123702816102138,3.01289694677468
0.123779775711175,3.01289687409887
0.123835324440053,3.01289682048717
0.123890873168931,3.01289676596788
0.123986439754382,3.01289666998108
0.124082006339832,3.01289657099737
0.124177572925283,3.0128964688868
0.124273139510733,3.01289636358798
0.124331497436875,3.01289629775551
0.124389855363017,3.01289623086857
0.124448213289159,3.01289616298384
0.124506571215301,3.01289609419512
0.124564929141442,3.01289602452492
0.124623287067584,3.0128959539778
0.124741962440236,3.01289580762973
0.124860637812888,3.01289565702684
0.124944282941783,3.01289554824406
0.125027928070678,3.01289543725474
0.125111573199572,3.01289532414352
0.125195218328467,3.01289520909226
0.125254818455658,3.012895125963
0.125314418582848,3.01289504190376
0.125421567239553,3.01289488833853
0.125528715896258,3.01289473133117
0.125610140676522,3.01289460961787
0.125691565456787,3.01289448571702
0.125742007467793,3.01289440786896
0.125792449478799,3.01289432921012
0.125842891489805,3.0128942497589
0.125893333500812,3.01289416954906
0.125943775511818,3.01289408859132
0.125994217522824,3.01289400689358
0.126090887228632,3.01289384820365
0.126187556934439,3.01289368654812
0.126284226640247,3.01289352180022
0.126380896346054,3.01289335379602
0.126436811133889,3.01289325513198
0.126492725921723,3.01289315539331
0.126548640709557,3.01289305459944
0.126604555497391,3.01289295278668
0.126660470285226,3.01289284996691
0.12671638507306,3.01289274614803
0.126832229625964,3.01289252780005
0.126948074178869,3.0128923048356
0.127035606009838,3.01289213322773
0.127123137840807,3.01289195883689
0.127209289514538,3.01289178450101
0.127295441188269,3.01289160757227
0.127381592862,3.01289142809566
0.127467744535731,3.01289124611082
0.127577109077832,3.01289101143
0.127686473619934,3.01289077249855
0.127795838162035,3.01289052923501
0.127905202704136,3.01289028158367
0.128014567246237,3.01289002959577
0.128123931788338,3.01288977338365
0.128233296330439,3.01288951297177
0.128342660872541,3.01288924831222
0.128452025414642,3.01288897932759
0.128561389956743,3.01288870589306
0.128670754498844,3.01288842799415
0.128780119040945,3.01288814566582
0.128860020735764,3.01288793661787
0.128939922430582,3.01288772524847
0.129062144118809,3.01288739740142
0.129184365807035,3.01288706395322
0.129306587495262,3.01288672482322
0.129428809183489,3.01288637992705
0.129551030871715,3.01288602928205
0.129673252559942,3.01288567292891
0.129795474248169,3.01288531086366
0.129917695936395,3.01288494301045
0.130039917624622,3.01288456930216
0.130162139312849,3.01288418964656
0.130428625445635,3.01288334127668
0.130695111578421,3.01288246468858
0.130961597711207,3.01288155973685
0.131228083843993,3.01288062612159
0.131494569976779,3.0128796638129
0.131761056109565,3.01287867281836
0.132027542242351,3.01287765309473
0.132294028375137,3.0128766044874
0.132625076124242,3.0128752614955
0.132956123873347,3.01287387351263
0.133501324859118,3.01287148859098
0.13404652584489,3.01286897783532
0.134771343369071,3.01286544158215
0.135496160893253,3.01286167194961
0.136576871446703,3.01285560934321
0.137657582000154,3.01284900225266
0.139862325822174,3.01283378580196
0.142067069644194,3.0128161199051
0.146033534822097,3.01277783455413
0.15,3.01273049373767
0.162124739756396,3.01252270136105
0.174249479512793,3.01220433956408
0.177124739756396,3.01211215685935
0.18,3.01201266726123
0.195,3.01136467104661
0.21,3.0104755387821
0.225,3.00932568965904
0.24,3.00787758870828
0.240197424209187,3.00785653788459
0.240394848418374,3.00783543154718
0.240403399534193,3.00783451610535
0.240411950650011,3.00783360055927
0.24042050176583,3.00783268490896
0.240429052881649,3.00783176915439
0.240471808460744,3.00782718881752
0.240514564039838,3.00782260587334
0.24072834193531,3.00779965201315
0.240942119830781,3.00777663285798
0.24201100930814,3.00766055457503
0.243079898785499,3.00754283090534
0.246339241880735,3.00717359535512
0.249598584975971,3.00678866738716
0.259799292487986,3.00547955878935
0.27,3.00400556650563
0.285,3.00152629842158
0.3,2.99865163172197
0.315,2.99536751002088
0.33,2.99164713029352
0.345,2.98747848246442
0.36,2.9828401012405
0.375,2.9777211947365
0.39,2.97210167753954
0.405,2.96597133348735
0.42,2.95931368360385
0.435,2.95212036245293
0.45,2.94437786040347
0.465,2.93607846010327
0.48,2.92721071315944
0.49,2.92098059226073
0.5,2.91449345904989
0.505,2.9111532598962
0.51,2.90774844701041
0.525,2.89714181607285
0.54,2.8859370732207
0.555,2.87412621049616
0.57,2.86170407317571
0.585,2.8486682593576
0.6,2.83502061188016
0.615,2.82075903284571
0.63,2.8058840540247
0.645,2.79039244737562
0.66,2.7742842736309
0.675,2.75755695776081
0.69,2.74021347545613
0.705,2.72225291003165
0.72,2.70368170132735
0.735,2.68450023916567
0.75,2.66471719239171
0.765,2.64433374804438
0.78,2.62336004554893
0.795,2.6017980396883
0.81,2.57965953312347
0.825,2.55694751961441
0.84,2.53367593483792
0.855,2.50984904102973
0.87,2.48548310432991
0.885,2.46058372228801
0.9,2.43516937979668
0.915,2.40924698344738
0.93,2.38283703045401
0.945,2.35594771461259
0.96,2.32860140616077
0.975,2.30080760541048
0.99,2.2725905007141
0.995,2.26309413464232
1,2.25356064657741
1.005,2.24399177724105
1.01,2.23438785895194
1.015,2.22474778554642
1.02,2.21506983321771
1.035,2.18580741162883
1.05,2.1562096799769
1.065,2.12628789484507
1.08,2.09606545021737
1.095,2.06555856534867
1.11,2.03479566402002
1.125,2.00379392227588
1.14,1.97258292502848
1.155,1.94118087025641
1.17,1.90961831343226
1.185,1.87791459393519
1.2,1.84610120172731
1.215,1.81419832118074
1.23,1.78223786378458
1.245,1.75024070798305
1.26,1.71823913485679
1.275,1.68625460897021
1.29,1.65431939788347
1.305,1.62245613452578
1.32,1.59069656525551
1.335,1.55906342670836
1.35,1.52758758772211
1.365,1.49629214222201
1.38,1.46520761693723
1.395,1.4343576368524
1.41,1.4037721980193
1.425,1.37347537579024
1.44,1.34349646831816
1.455,1.31386017656256
1.47,1.28459519661202
1.485,1.25572716579559
1.5,1.22728439568137
1.515,1.03385885008168
1.5151037901286,1.03363449396879
1.5152075802572,1.03341022955532
1.51572653090019,1.03229059685348
1.51624548154318,1.03117438489978
1.51727261072823,1.02897711162668
1.51829973991328,1.02679826260537
1.51994159046565,1.02335570706058
1.52158344101803,1.0199636477833
1.52380701453283,1.01544812624836
1.52603058804762,1.01101648650314
1.52801529402381,1.00710398690904
1.53,1.00327402866635
1.53370361235055,0.950491031624916
1.53740722470111,0.94331658692111
1.54111083705166,0.890508414785872
1.54481444940221,0.883388858205394
1.5524072247011,0.775485289946932
1.56,0.761178562727152
1.56969112835442,0.561308154425915
1.57938225670885,0.543627629427705
1.58469112835442,0.534925288595158
1.59,0.52690701718577
1.59792932145604,0.418535189503081
1.60585864291208,0.407257685267622
1.61292932145604,0.311970389839227
1.62,0.302779084711239
1.63190340745874,0.14626301700847
1.64380681491749,0.132895917616826
1.64690340745874,0.0930463894929984
1.65,0.0900685101542792
1.665,-0.0968663327462467
1.68,-0.108505365853435
1.695,-0.284591511006597
1.71,-0.291392377089903
1.725,-0.45561036240876
1.74,-0.457689317434595
1.755,-0.609364204320949
1.77,-0.606940410795525
1.77009041768642,-0.607814402260791
1.77018083537284,-0.607786211502142
1.77063292380495,-0.612157589605402
1.77108501223706,-0.61201442887678
1.7733454543976,-0.633692195749457
1.77560589655814,-0.632921303865027
1.78510948808063,-0.720796904146066
1.79461307960312,-0.716556378134959
1.79730653980156,-0.740510179523528
1.8,-0.739006497188979
1.81346730099219,-0.852375719807883
1.82693460198439,-0.843033877321071
1.82846730099219,-0.855261431913012
1.83,-0.854001043167293
1.83766349503903,-0.913080624208111
1.84532699007806,-0.906233925874327
1.85266349503903,-0.959570247417632
1.86,-0.952161261170911
1.875,-1.0514844510774
1.89,-1.03389703765032
1.905,-1.12035188747703
1.92,-1.09970483746104
1.935,-1.17366869781187
1.94212915119752,-1.1628590320034
1.94212915119754,-1.16285903200333
1.94606457559877,-1.15662962061131
1.95,-1.15021137874884
1.95393542440123,-1.16755331683485
1.95787084880246,-1.16095581667298
1.96180627320369,-1.17749393819614
1.96339754195248,-1.17478190044795
1.9633975419525,-1.17478190044792
1.96733296635373,-1.18390144328457
1.97126839075496,-1.17703766626863
1.97563419537748,-1.19382661054403
1.98,-1.18605218175612
1.98758634764682,-1.21293422750725
1.99517269529364,-1.19912396039712
1.99758634764682,-1.20707283202343
2,-1.20259860480282
2.005,-1.21816930140138
2.01,-1.20881701970898
2.025,-1.24842030462813
2.04,-1.2197165716072
2.055,-1.24958824320012
2.07,-1.21963905565653
2.085,-1.2408029041003
2.1,-1.20961415311141
2.115,-1.22310716786648
2.13,-1.19108747311143
2.145,-1.19793324497673
2.16,-1.16564456749616
2.175,-1.16680473254894
2.19,-1.13463978896517
2.205,-1.13094456396725
2.22,-1.09905013726358
2.235,-1.09114716804076
2.25,-1.05960994047184
2.265,-1.04812086367454
2.28,-1.01711913745207
2.295,-1.00268231540169
2.31,-0.972449642360817
2.325,-0.955666862661073
2.34,-0.92638498409289
2.355,-0.907760080032409
2.37,-0.87951676873168
2.385,-0.859450820498384
2.4,-0.832291283329067
2.415,-0.81114156506826
2.43,-0.785120944035422
2.445,-0.763230660924273
2.46,-0.738414193865955
2.475,-0.716098361393283
2.49,-0.692532566768735
2.495,-0.685081912123159
2.5,-0.677469753278672
2.51,-0.662512882378873
2.52,-0.64774741803526
2.535,-0.625318443655029
2.55,-0.604273045615236
2.565,-0.582068993433274
2.58,-0.562267136894358
2.595,-0.540443513201235
2.61,-0.521871022615869
2.625,-0.500561923231214
2.64,-0.483196745646782
2.64981463571771,-0.468308951564942
2.64981463571774,-0.468308951564964
2.65072297711044,-0.467285908994984
2.65080177566476,-0.467197311979152
2.65088057421908,-0.467108739765527
2.6512745669907,-0.466666252853988
2.65166855976232,-0.466224393660698
2.65237890393613,-0.465429346056089
2.65308924810995,-0.464636366828215
2.65406743830063,-0.463547777280918
2.65504562849131,-0.462463125291992
2.65638513847862,-0.460984207637722
2.65772464846593,-0.459512622680621
2.6601270223766,-0.456891614897233
2.66252939628727,-0.454293716177271
2.66626469814364,-0.450299694989423
2.67,-0.446359849100162
2.67001966718589,-0.444047238274433
2.67003933437178,-0.444026234884882
2.67005900155767,-0.444005232924906
2.67007866874356,-0.44398423239661
2.670177004673,-0.443879251289391
2.67027534060244,-0.443774306209993
2.67076702024967,-0.443250127241916
2.67125869989689,-0.442726870544488
2.67206056444906,-0.441875509883272
2.67286242900122,-0.441026662796233
2.67391110334915,-0.439920355166981
2.67495977769708,-0.438818376961453
2.67657686120835,-0.437127564965526
2.67819394471962,-0.43544695452969
2.68108636942315,-0.432466126164492
2.68397879412667,-0.429517149635122
2.68408863327474,-0.427371198421225
2.6841984724228,-0.427257996406319
2.68430831157087,-0.427144838702219
2.68441815071893,-0.427031725552795
2.68482375775188,-0.426614417610932
2.68522936478483,-0.426197727939285
2.68605994624884,-0.425346400734561
2.68689052771286,-0.424497718174477
2.68820326458394,-0.423161787169013
2.68951600145503,-0.421832491285112
2.69163646734415,-0.419699231464146
2.69375693323327,-0.417583018448125
2.69687846661663,-0.414498449083032
2.7,-0.411449746269814
2.70001479352823,-0.408057593161895
2.70002958705646,-0.408042834390378
2.70004438058469,-0.40802807637799
2.70005917411292,-0.408013319125697
2.70013314175408,-0.40793954430548
2.70020710939524,-0.407865788644547
2.70057694760101,-0.407497301864193
2.70094678580679,-0.407129309429784
2.701787306847,-0.406294861728038
2.7026278278872,-0.405463081398256
2.70398335799054,-0.404127332421197
2.70533888809388,-0.402798651120896
2.70759476780659,-0.400603068755151
2.7098506475193,-0.398426759504776
2.71501365648319,-0.39351700888901
2.72017666544709,-0.388703291180308
2.72508833272355,-0.382910416132362
2.73,-0.378454450163196
2.73491166727645,-0.372387710172823
2.73982333455291,-0.368036919703587
2.74991166727645,-0.35580863485246
2.76,-0.347228937133886
2.775,-0.32969053243005
2.79,-0.317784053404535
2.805,-0.301100460678722
2.82,-0.290133324904255
2.835,-0.274325725123997
2.85,-0.26425404730416
2.865,-0.249327304237334
2.88,-0.240102783594038
2.895,-0.226050922526419
2.91,-0.217623725948788
2.925,-0.204432905132236
2.94,-0.196753263415808
2.955,-0.184403700871461
2.97,-0.177422565328733
2.985,-0.165889826584494
3,-0.159559413493203
3.015,-0.148815574624581
3.03,-0.143089702180661
3.045,-0.133104230779872
3.06,-0.12793855081882
3.075,-0.118679073297197
3.09,-0.114031230858534
3.105,-0.10546415492018
3.12,-0.10129387926867
3.135,-0.0933849173690529
3.15,-0.0896540733453806
3.165,-0.0823687246506075
3.18,-0.0790413172102554
3.195,-0.0723449898884225
3.21,-0.06938715443646
3.225,-0.0632458779244462
3.24,-0.0606258963978002
3.255,-0.0550062357160957
3.27,-0.0526944186268923
3.285,-0.0475637450211574
3.3,-0.0455323745468741
3.315,-0.0408590033889932
3.33,-0.0390822697901622
3.345,-0.0348355895208561
3.36,-0.033289517646392
3.375,-0.0294400843522609
3.39,-0.0281024539282883
3.405,-0.0246220001321108
3.42,-0.0234722239214723
3.435,-0.0203337547122887
3.45,-0.0193528460865618
3.465,-0.01653066221989
3.48,-0.0157011292565632
3.49,-0.013986557964858
3.5,-0.0135069110364117
3.505,-0.0126973971799402
3.51,-0.0124775460913228
3.525,-0.0102158994747753
3.54,-0.0096420895025569
3.555,-0.00762727807083116
3.57,-0.00716040852586796
3.585,-0.005371791304403
3.6,-0.00499949788526831
3.615,-0.00341778159156034
3.63,-0.00312874675370921
3.645,-0.00173565413218649
3.66,-0.00151957871610079
3.675,-0.000298123549592813
3.69,-0.000145689012816729
3.705,0.000919995580707865
3.72,0.00101724056035003
3.735,0.00194193784155096
3.75,0.00199163030416009
3.765,0.0027890715013974
3.78,0.0027980893335432
3.795,0.00348099700931151
3.81,0.00345551624602451
3.825,0.00403564990938526
3.84,0.00398119874572464
3.855,0.00446940076684595
3.87,0.00439091065351222
3.885,0.00479715282600535
3.9,0.00469900684776973
3.915,0.00503243713733706
3.93,0.00491851571387962
3.945,0.0051875049004212
3.96,0.00506122886962202
3.975,0.0052734167569944
3.99,0.0051377878879827
3.995,0.00519705910536441
4,0.00515018530907422
4.01,0.00525315445275204
4.02,0.00515754753139938
4.035,0.00527636953954926
4.05,0.0051295580423613
4.065,0.00521056523845124
4.08,0.00506125358471048
4.095,0.00510958766957267
4.11,0.00495946180346655
4.125,0.00497979114993726
4.14,0.00483028648900741
4.155,0.00482677547631019
4.17,0.00467908761089897
4.185,0.00465546118316796
4.2,0.0045105914105243
4.215,0.00447018591221368
4.23,0.00432895923910393
4.245,0.00427472861613968
4.26,0.00413780490095772
4.275,0.0040723598519572
4.29,0.00394026044037219
4.305,0.00386591956836348
4.32,0.00373904612960078
4.335,0.00365784397361493
4.35,0.00353648695668208
4.365,0.00345018513786316
4.38,0.00333454073678963
4.395,0.00324468340794383
4.41,0.00313487020244657
4.425,0.00304279323572091
4.44,0.00293886365840353
4.455,0.00284571627973735
4.47,0.00274766166384379
4.485,0.00265442123415221
4.5,0.00256218152622475
4.515,0.00246967574419029
4.53,0.00238315248429179
4.545,0.00229207561673041
4.56,0.0022111348595819
4.575,0.00212205969740482
4.59,0.00204653948732406
4.605,0.00195993294853426
4.62,0.0018896495682829
4.635,0.00180588489970657
4.65,0.00174063772166801
4.665,0.00166000569361779
4.68,0.00159958149071067
4.695,0.00152230060569057
4.71,0.00146647732411361
4.725,0.00139270271209834
4.74,0.0013412523436937
4.755,0.00127108531823625
4.77,0.00122377810272485
4.785,0.0011572726239704
4.8,0.00111387784191426
4.815,0.0010510469770635
4.83,0.00101133533159446
4.845,0.000952158850721502
4.86,0.000915905126961259
4.875,0.000860333543929806
4.89,0.000827316951360763
4.905,-0.117848417077073
4.92,-0.121188800870902
4.935,-0.243161226676204
4.95,-0.246150536236951
4.965,-0.354990389537202
4.98,-0.355281876371499
4.99,-0.42007401612516
5,-0.418399254540631
5.005,-0.44847052658559
5.01,-0.447066445669584
5.025,-0.528470410233846
5.04,-0.521982513784522
5.055,-0.590830670353533
5.07,-0.581270039381635
5.085,-0.638702727543293
5.1,-0.626490711757364
5.115,-0.673691386688328
5.13,-0.659275274767507
5.145,-0.697391236028014
5.16,-0.681203961750871
5.175,-0.711311279154983
5.19,-0.693751617027041
5.205,-0.716837338628696
5.22,-0.69826047325876
5.235,-0.718266390364204
5.25,-0.698968286581339
5.265,-0.71013348438821
5.28,-0.690300966851087
5.295,-0.696876147751564
5.31,-0.676802792419492
5.325,-0.679480169505249
5.34,-0.659401555563588
5.355,-0.658772635076995
5.37,-0.638872218629556
5.385,-0.635455634737105
5.4,-0.615881312563138
5.415,-0.610135663083122
5.43,-0.591007611791652
5.445,-0.583340110242658
5.46,-0.564755764283084
5.475,-0.555528539966917
5.49,-0.537566309356089
5.495,-0.534223140116472
5.5,-0.528358510755063
5.51,-0.521281415998742
5.52,-0.509813997414218
5.535,-0.498394085802931
5.55,-0.481846634504975
5.565,-0.46972018881991
5.58,-0.453936675398463
5.595,-0.441322417595397
5.61,-0.426325345287945
5.625,-0.413412221056067
5.64,-0.399213553674788
5.655,-0.386164340831031
5.67,-0.372767216993381
5.685,-0.359721798918053
5.7,-0.347122103864052
5.715,-0.334198794844851
5.73,-0.322385914142026
5.745,-0.309682831852306
5.76,-0.29864043496099
5.775,-0.286238432176023
5.79,-0.275945715241779
5.805,-0.263911023842358
5.82,-0.254343806035771
5.835,-0.242727928851097
5.85,-0.233858851377001
5.865,-0.222701362071852
5.88,-0.21450094209127
5.895,-0.203831199558109
5.91,-0.196268477117052
5.925,-0.186106420966552
5.94,-0.179149315187333
5.955,-0.169506743060786
5.97,-0.163122640575497
5.985,-0.154004815829379
6,-0.14816100829621
6.015,-0.139567432330285
6.03,-0.13423131492111
6.045,-0.126156592102752
6.06,-0.121296071032356
6.075,-0.113731039204211
6.09,-0.10931480165709
6.105,-0.102246901373507
6.12,-0.0982444262025248
6.135,-0.0916583885913526
6.15,-0.0880401368868882
6.165,-0.0819189695326593
6.18,-0.0786567869184202
6.195,-0.0729821460757873
6.21,-0.0700491619078737
6.225,-0.0648012635067508
6.24,-0.0621717112090439
6.255,-0.0573299348217868
6.27,-0.0549793103686899
6.285,-0.0505229542789834
6.3,-0.048428354820008
6.315,-0.0443366869911155
6.33,-0.0424765849576502
6.345,-0.038728475758953
6.36,-0.0370823904532853
6.375,-0.0336572272112364
6.39,-0.0322061637450755
6.405,-0.0290838024608035
6.42,-0.0278100811545751
6.435,-0.0249706801681447
6.45,-0.0238576953345643
6.465,-0.0212819572631192
6.48,-0.020314229741195
6.49,-0.0187377744551179
6.5,-0.0181633646205794
6.505,-0.0174157431469065
6.51,-0.0171478743150359
6.525,-0.0150448617493218
6.54,-0.0143261941632099
6.555,-0.0124337367433339
6.57,-0.0118209065297485
6.585,-0.0101228061961012
6.6,-0.0096046293814781
6.615,-0.00808548626855686
6.63,-0.00765171687001905
6.645,-0.00629702881581234
6.66,-0.00593822196947655
6.675,-0.00473416359155365
6.69,-0.00444171846073111
6.705,-0.00337540175872423
6.72,-0.00314150869911356
6.735,-0.00220082481170721
6.75,-0.00201836268141245
6.765,-0.00119196910919461
6.78,-0.00105447107666441
6.795,-0.000331782432839838
6.81,-0.000233394675584147
6.825,0.000395491189497043
6.84,0.000460047136742766
6.855,0.00100418807668718
6.87,0.00103966126399589
6.885,0.0015075106954953
6.9,0.00151819691091683
6.915,0.00191766565352087
6.93,0.00190739089753183
6.945,0.00224565116869692
6.96,0.00221780134902559
6.975,0.00250146225341044
6.99,0.00245906071091435
6.995,0.00254231049672697
7,0.00252555399969874
7.01,0.00267697963292454
7.02,0.00263971772835195
7.035,0.00283188131937431
7.05,0.00276811522909538
7.065,0.00292236125684798
7.08,0.00285117272939521
7.095,0.00297210893680468
7.11,0.00289531596388833
7.125,0.00298712032817031
7.14,0.00290630350310332
7.155,0.00297275677904206
7.17,0.0028892832054083
7.185,0.00293379729588025
7.2,0.00284884185340028
7.215,0.00287448715045043
7.23,0.00278905221376301
7.245,0.00279857363418193
7.26,0.00271350068576998
7.275,0.00270938077656935
7.29,0.00262539224764961
7.305,0.00260982475448335
7.32,0.00252750575166147
7.335,0.00250244094133699
7.35,0.00242226939805279
7.365,0.00238941609400679
7.38,0.0023117669483204
7.395,0.00227269061174235
7.41,0.0021978819023347
7.425,0.00215390624374463
7.44,0.00208215888879867
7.455,0.00203445497816632
7.47,0.0019659317257059
7.485,0.0019155197531593
7.5,0.00185032905425219
7.515,0.00179809265965509
7.53,0.00173629594181022
7.545,0.0016829955983952
7.56,0.00162461320129656
7.575,0.00157089805111039
7.59,0.00151591840601225
7.605,0.00146234038378674
7.62,0.00141072022065062
7.635,0.00135774021941417
7.65,0.0013094157968191
7.665,0.00125741942215366
7.68,0.00121230431886823
7.695,0.00116160429481256
7.71,0.00111959895256506
7.725,0.0010704493082314
7.74,0.00103144146898275
7.755,0.00098404105729693
7.77,0.000947908889692735
7.785,0.000902409409988336
7.8,0.000869024437603744
7.815,0.000825536336158799
7.83,0.000794765353894881
7.845,0.000753363626035918
7.86,0.000725071489941381
7.875,0.000685800720807
7.89,0.000659851002046399
7.905,0.000622729023666027
7.92,0.000598985461758506
7.935,0.000564008049467962
7.95,0.000542336407048697
7.95000055524341,0.0185311555260367
7.95000111048681,0.0185311822552737
7.95000166573022,0.0185312089845886
7.95000222097363,0.0185312357140513
7.95000499719066,0.0185313693624142
7.9500077734077,0.0185315030131052
7.95002165449288,0.018532171295988
7.95003553557806,0.0185328396252067
7.95010494100397,0.0185361817846568
7.95017434642988,0.018539524367769
7.95052137355942,0.0185562237240057
7.95086840068896,0.018572858818454
7.95163914135453,0.0186093815795122
7.9524098820201,0.0186450161476101
7.95375350631803,0.0187045473586872
7.95509713061596,0.0187602601600809
7.95730210005675,0.0188431854715007
7.95950706949753,0.0189157350582358
7.96442538642937,0.0190430098867301
7.9693437033612,0.0191288991603403
7.9746718516806,0.019179852791409
7.98,0.0191958573307285
7.99,0.528596244808366
8,0.541583585500733
8.005,0.822004341337299
8.01,0.831048388348825
8.0174582715888,1.27433152739702
8.02491654317761,1.29504251252466
8.0324582715888,1.77074385383529
8.04,1.80074284562508
8.04010145832434,2.0699192017661
8.04020291664867,2.07041013091575
8.04030437497301,2.07090096746281
8.04040583329735,2.07139171291571
8.04091312491903,2.0738440896301
8.04142041654071,2.07629425544812
8.04228516005886,2.08046592256157
8.04314990357701,2.08463160042298
8.04401464709516,2.08879152623237
8.04487939061332,2.09294601888996
8.04606940584867,2.09865477804262
8.04725942108402,2.10435439587203
8.04997126563288,2.23568050783391
8.05268311018175,2.24971348145499
8.05464016555059,2.38067900728073
8.05659722091944,2.39160239318658
8.05855427628829,2.52289413442396
8.06051133165714,2.53462596885071
8.06199514244712,2.63427720386183
8.0634789532371,2.64364325177343
8.06572558826084,2.79408748517488
8.06797222328457,2.80932512619598
8.06898611164229,2.87711899228693
8.07,2.88422205885671
8.07506944178857,3.21742732707395
8.08013888357713,3.25782671177276
8.08903461654608,3.81086656055734
8.09793034951503,3.89343873123387
8.09896517475752,3.95443180784517
8.1,3.96428928505066
8.10132714581973,4.04113384508904
8.10265429163947,4.05393813911314
8.1039814374592,4.12912468703597
8.10530858327894,4.14206998602619
8.1085220491016,4.31669499314421
8.11173551492426,4.34848288516828
8.11494898074692,4.51190800050803
8.11816244656958,4.54380864831545
8.12137591239224,4.69517305211508
8.1245893782149,4.72675042893274
8.12729468910745,4.84430848837623
8.13,4.87039252767049
8.13706960075441,5.13599866985831
8.14413920150882,5.19792627234556
8.15206960075441,5.423144759408
8.16,5.48081558803185
8.16793039924559,5.63554014433015
8.17586079849118,5.67894818313117
8.18293039924559,5.76663525152303
8.19,5.79355038765981
8.205,5.87818046091757
8.22,5.89331459648366
8.235,5.89107348739866
8.25,5.87592737941609
8.265,5.8085873856335
8.28,5.78410072227902
8.295,5.7570623078207
8.31,5.72762784034871
8.31021857738998,5.72785912476218
8.31043715477996,5.72745726723107
8.31153004172985,5.72544243918105
8.31262292867974,5.72341841609107
8.31808736342918,5.71316221344009
8.32355179817863,5.70268408279939
8.33177589908931,5.68651119935099
8.34,5.66987407805806
8.355,5.63841235353757
8.37,5.6056267429807
8.385,5.57166827984067
8.4,5.53667652838453
8.415,5.50080302108116
8.43,5.46418652638575
8.445,5.42697623316461
8.46,5.38930704261298
8.475,5.35132267767143
8.47523482619222,5.76249881308843
8.47546965238445,5.7625524423583
8.47664378334557,5.76282095866327
8.47781791430668,5.76309008631805
8.48390895715334,5.76449576859143
8.49,5.76591670823705
8.495,5.7670939926333
8.5,5.76828042144129
8.51,5.77067879539271
8.52,5.77310765193322
8.535,5.77680048772757
8.55,5.78054060838315
8.565,5.7843178882671
8.58,5.78811934304456
8.595,5.79193582772943
8.61,5.7957558262536
8.625,5.79957119013997
8.64,5.80337188450364
8.655,5.80776616778152
8.67,5.8115272851526
8.685,5.81525059857726
8.7,5.81892900228201
8.715,5.82255726587229
8.73,5.82612963097608
8.745,5.83103737659479
8.76,5.83449417830394
8.775,5.83787980406311
8.79,5.84119079355692
8.805,5.84442413456982
8.82,5.84757722879846
8.835,5.85274553517455
8.85,5.85571824975787
8.865,5.85859982566569
8.88,5.86138880544805
8.895,5.86408328507927
8.91,5.86668210889059
8.925,5.86918352937423
8.94,5.87158656029225
8.955,5.87388951931382
8.97,5.87609148948119
8.985,5.87819080657832
9,5.88018649169858
9.015,5.88207685936595
9.03,5.88386083773086
9.045,5.88553668796556
9.06,5.88710320217157
9.075,5.888558577199
9.09,5.88990145360863
9.105,5.89112995857836
9.12,5.89224259694046
9.135,5.89323744516052
9.15,5.89411285643976
9.165,5.89486688008021
9.18,5.89549776608603
9.195,5.89600355154428
9.21,5.89638241453646
9.225,5.89663240882482
9.24,5.89675166865172
9.255,5.8967382971045
9.27,5.89659042916417
9.285,5.89630624351983
9.3,5.89588391107292
9.315,5.89532171426366
9.33,5.89461789883412
9.345,5.89377087806986
9.36,5.89277900095854
9.375,5.89164083294412
9.39,5.89035485792471
9.405,5.8889198198406
9.42,5.88733435282081
9.435,5.88559739383716
9.45,5.88370774613131
9.465,5.88166455334096
9.48,5.87946679793215
9.49,5.87791546858827
9.5,5.87629489836859
9.505,5.87545861311776
9.51,5.87460495222595
9.525,5.87193951203535
9.54,5.86911696429671
9.555,5.86613711592904
9.57,5.86299948588557
9.585,5.85970410338733
9.6,5.85625064716732
9.615,5.85263934465154
9.63,5.84887005006041
9.645,5.84494321317607
9.66,5.84085876895411
9.675,5.83661737239108
9.69,5.83221906627599
9.705,5.82766467776461
9.72,5.82295434978206
9.735,5.81808909201964
9.75,5.81306906185074
9.765,5.80789543411588
9.78,5.80256839721055
9.795,5.79708927182257
9.81,5.79145824594684
9.825,5.7856767728401
9.84,5.77974501952287
9.855,5.77366457493121
9.87,5.76743554807632
9.885,5.76105962909965
9.9,5.75453690206133
9.915,5.74786916287673
9.93,5.74105643721357
9.945,5.73410066550044
9.96,5.72700175677665
9.975,5.71976173060572
9.99,5.71238052059129
9.995,5.70988930069764
10,5.70738258787002
10.01,5.70232288623254
10.02,5.6972015825283
10.02135,4.85315994967296
10.0227,4.8496431878728
10.02405,4.84611669272121
10.0254,4.84258043306468
10.027425,4.83208824976439
10.02945,4.82671606558091
10.031475,4.82132149961413
10.0335,4.81590444355113
10.04175,4.79360025356235
10.05,4.77091366346139
10.05135,4.74221227892412
10.0527,4.73836494527643
10.05405,4.73450680906612
10.0554,4.73063783475013
10.057425,4.71927509614236
10.05945,4.71339744546918
10.061475,4.7074949474283
10.0635,4.70156747862573
10.07175,4.67715787237475
10.08,4.65232340778494
10.08135,4.6215051023997
10.0827,4.61729487627124
10.08405,4.61307265123016
10.0854,4.60883838695423
10.087425,4.59653923953014
10.08945,4.59010664558633
10.091475,4.58364644805167
10.0935,4.57715850710306
10.10175,4.55043649219743
10.11,4.52324219924933
10.11135,4.49019458977228
10.1127,4.48558594264492
10.11405,4.48096396479637
10.1154,4.47632861076636
10.117425,4.46302272456378
10.11945,4.45598085680271
10.121475,4.44890832079442
10.1235,4.44180495913113
10.13175,4.41254344670962
10.14,4.38275700122067
10.14135,4.34736747906454
10.1427,4.34232158751532
10.14405,4.33726089233015
10.1454,4.33218534265299
10.147425,4.31779826324999
10.14945,4.31008783568264
10.151475,4.30234335580396
10.1535,4.29456464785244
10.16175,4.26251617130209
10.17,4.2298847307962
10.185,4.13541340526053
10.2,4.07118369191251
10.215,4.00478505620275
10.23,3.93613368785784
10.245,3.86514033509711
10.26,3.79169356693994
10.275,3.71569098905898
10.29,3.63703178275112
10.305,3.55563695983485
10.32,3.47148421229563
10.335,3.38455755600359
10.35,3.29500205785762
10.3508673141522,2.94014559588864
10.3517346283043,2.9341519451688
10.3526019424565,2.9281503919244
10.3534692566086,2.92214497043078
10.3540767355875,2.91793825994771
10.3546842145664,2.91373776968861
10.3551488186336,2.91053224575872
10.3556134227007,2.90734112596669
10.3562492986972,2.90301056084453
10.3568851746938,2.8987599110994
10.3572903937219,2.89610042129454
10.3576956127501,2.89348633886465
10.3581008317782,2.89091399735958
10.3585060508064,2.88837377679195
10.35915298676,2.88436996569219
10.3597999227135,2.88040514384856
10.3608425465174,2.87406683760769
10.3618851703213,2.86774911753847
10.3629277941252,2.86143859435195
10.3639704179291,2.85512046282661
10.365013041733,2.8487946008642
10.3660556655369,2.84246167037709
10.3670982893408,2.83612175891623
10.3681409131446,2.82977359523168
10.3689586685469,2.82478805480369
10.3697764239492,2.81979547118639
10.3705941793515,2.81479552061563
10.3714119347538,2.80978796063236
10.3722296901561,2.80477295240662
10.3730474455584,2.79975102447867
10.3738652009606,2.79472252330316
10.3746829563629,2.78968811020386
10.3755007117652,2.78464804242905
10.3763184671675,2.77960272533571
10.376904305049,2.77598510032583
10.3774901429305,2.77236491288996
10.378075980812,2.76874218286779
10.3786618186935,2.76511694986225
10.3793309093468,2.76097350591357
10.38,2.75682689266956
10.3806690906532,2.75267714792424
10.3813381813065,2.74852434459646
10.3821855276314,2.74326083561617
10.3830328739563,2.73799255187923
10.3843241065852,2.72995530064014
10.385615339214,2.72190697193694
10.3869065718429,2.71384753853744
10.3881978044718,2.70577702900691
10.3894890371007,2.69769555698763
10.3907802697296,2.68960350641234
10.3940363705425,2.66915479484235
10.3957829530267,2.65816562186305
10.3957829530268,2.65816562186235
10.3967597832707,2.65201254650013
10.3977366135146,2.64585594651436
10.3987134437585,2.63969610645109
10.3996902740023,2.63353355078188
10.4019368639188,2.61935195450186
10.4041834538353,2.60516256881033
10.4064300437517,2.59096831610234
10.4086766336682,2.57677446835586
10.4093383168341,2.57259425085088
10.41,2.56841442068902
10.4120358352862,2.55555722216114
10.4140716705724,2.5427061407215
10.4161075058587,2.52986229639269
10.4181433411449,2.51702733705513
10.4200776181121,2.50484136651868
10.4200776181122,2.50484136651796
10.4255997570975,2.47010490892925
10.4311218960829,2.43546257410369
10.4355609480414,2.40769636302097
10.44,2.38003140326916
10.445664769029,2.34490701793305
10.4513295380579,2.31004200500635
10.4593561228975,2.26115068377653
10.4673827077371,2.21294135278296
10.4686913538685,2.20514824490092
10.47,2.19737469973642
10.4765432306573,2.15880161725247
10.4830864613146,2.12072365496041
10.4915432306573,2.07225755799017
10.5,2.02463800296069
10.5122072218436,1.95739645789928
10.5244144436872,1.89184882342957
10.5272072218436,1.8770947553688
10.53,1.86242541372435
10.5371232754645,1.82538937107684
10.5442465509291,1.78889299278418
10.5521232754645,1.74916825508536
10.56,1.71010514911496
10.575,1.6375706990999
10.59,1.56750641073965
10.605,1.49997657206154
10.62,1.43499738272001
10.635,1.3725865425448
10.65,1.31266342388249
10.665,1.25519139488024
10.68,1.20002966692642
10.695,1.14713123715516
10.71,1.09636937156741
10.725,1.04771020039968
10.74,1.00106196287123
10.755,0.956399275138664
10.77,0.913642381845914
10.785,0.87275860124319
10.8,0.833655299240262
10.815,0.796290204784712
10.83,0.760562608762602
10.845,0.726428650477258
10.86,0.693793076870717
10.875,0.66261689982157
10.89,0.632818285819894
10.905,0.60436296092236
10.92,0.577177419569316
10.935,0.551228659363019
10.95,0.52644674170231
10.965,0.502798784083895
10.98,0.480217407188537
10.99,0.465743457156375
11,0.451709279182977
11.005,0.444855322143398
11.01,0.438106581751617
11.025,0.418475533550829
11.04,0.399731558507731
11.055,0.381848960292818
11.07,0.364776787286422
11.085,0.348491198306291
11.1,0.332945409716691
11.115,0.318117083648475
11.13,0.303962675956414
11.145,0.290461720616168
11.16,0.277574641622298
11.175,0.265282579186101
11.19,0.253549380912252
11.205,0.242358103785575
11.22,0.231675831843514
11.235,0.221486979767789
11.2369226912838,0.220214537136725
11.236922691284,0.220214537136646
11.2370992349516,0.220098164335603
11.2372757786193,0.21998185581861
11.2381258477322,0.219422721440835
11.2389759168452,0.218865071872161
11.2404793372298,0.217882444765377
11.2419827576145,0.216904425279112
11.2440316652859,0.2155789387504
11.2460805729572,0.214261914476126
11.2480402864786,0.213010108667095
11.25,0.211765948814006
11.2556776031591,0.208204149986852
11.2613552063182,0.204704909726641
11.2706776031591,0.199092570638467
11.28,0.193640928504387
11.295,0.185196754322067
11.31,0.177137327741077
11.325,0.169450712208282
11.34,0.162114487280257
11.355,0.155117759713871
11.37,0.148440147684944
11.385,0.142071723643704
11.4,0.135993975166252
11.415,0.130197862616388
11.43,0.124666582754402
11.445,0.119391914825671
11.46,0.114358619004939
11.475,0.109559230208414
11.49,0.104979943030514
11.495,0.103501778273284
11.5,0.102046714596959
11.51,0.0992046322961528
11.52,0.0964506457352451
11.53,0.0937829545096745
11.54,0.0911981916420244
11.545,0.0899365431705079
11.55,0.0886947581559066
11.565,0.0850856116452328
11.58,0.0816442396774711
11.595,0.0783657114240558
11.61,0.0752408788285008
11.6145,0.0743330714298463
11.619,0.0734384018459854
11.6235,0.0725567586544461
11.628,0.0716879248037381
11.634,0.0705491939796854
11.64,0.069432566943246
11.6418,0.0691018721630909
11.6436,0.0687731282197658
11.6454,0.0684463288024669
11.6472,0.0681214612455793
11.6562,-0.0591759123182687
11.6652,-0.0628940035253009
11.6676,-0.113716932215183
11.67,-0.114804354849671
11.6751833634925,-0.224024742784767
11.6803667269849,-0.226769725780301
11.6901833634925,-0.430635284779396
11.7,-0.435894352440572
11.7098166365075,-0.634692658467216
11.7196332730151,-0.638384059454038
11.7248166365075,-0.740855317832769
11.73,-0.741840842615781
11.7433783017468,-0.995934728252439
11.7567566034936,-0.996039446783225
11.7583783017468,-1.02588553346553
11.76,-1.02552460681754
11.7627950507127,-1.07639228254089
11.7655901014254,-1.0756372420439
11.7706974587835,-1.16667110780408
11.7758048161415,-1.16485757659953
11.7829024080707,-1.28718607091527
11.79,-1.28369477386721
11.805,-1.52546245803468
11.82,-1.5147245051167
11.835,-1.73358061785664
11.85,-1.71799826610617
11.865,-1.91361148104195
11.88,-1.89354389460895
11.895,-2.06613094351141
11.91,-2.04187063204544
11.925,-2.19200399902203
11.94,-2.16379238167086
11.955,-2.29234451734635
11.97,-2.2603693692554
11.985,-2.36837579752639
12,-2.33279918916276
12.015,-2.42143210655177
12.03,-2.38241241172995
12.045,-2.45290560962875
12.06,-2.41062649824448
12.075,-2.55756370557602
12.09,-2.51668036943695
12.105,-2.64538039826259
12.12,-2.60498828634898
12.135,-2.7132320010924
12.15,-2.67243408637826
12.165,-2.76081952573593
12.18,-2.7189364014194
12.195,-2.78831151492176
12.21,-2.74479456229814
12.225,-2.79613195394959
12.24,-2.75053734532479
12.255,-2.78488365671658
12.27,-2.73688269621749
12.285,-2.75534214381722
12.3,-2.70474307700238
12.315,-2.70849090852884
12.33,-2.65527274762086
12.345,-2.64557201799641
12.36,-2.58989440346233
12.375,-2.56809578111947
12.39,-2.51029212364005
12.405,-2.47938418533054
12.42,-2.41976913999326
12.435,-2.37757551454517
12.45,-2.31682741969028
12.453504176551,-2.31462025653478
12.4535041765511,-2.31462025653405
12.4667520882756,-2.25975493120284
12.4689001614755,-2.2509235890249
12.4689001614756,-2.2509235890243
12.4744500807378,-2.22815705073287
12.48,-2.20554319354421
12.4880737043484,-2.17589504050235
12.4961474086968,-2.14305855664143
12.4980737043484,-2.13574071025948
12.5,-2.12795939563027
12.505,-2.10864441839689
12.51,-2.0885126398849
12.525,-2.02823615418902
12.54,-1.96872432140529
12.5501044997317,-1.92491543041133
12.5602089994633,-1.88531960835145
12.5651044997317,-1.86648198280687
12.57,-1.84787479934036
12.5802040329629,-1.80374416681359
12.5904080659258,-1.76551646677034
12.5952040329629,-1.74448708927408
12.6,-1.72682494616633
12.615,-1.66041633481584
12.63,-1.60645137628567
12.645,-1.53965178031865
12.66,-1.48809460783595
12.675,-1.42188908728488
12.69,-1.37310022519045
12.6987434311582,-1.32814204608559
12.7074868623165,-1.30054911508142
12.7137434311582,-1.2813640498405
12.72,-1.26263483894688
12.7292095076122,-1.22385696994387
12.7384190152245,-1.19719338965203
12.7442095076122,-1.17318220796936
12.75,-1.1569389653876
12.7557904923878,-1.13323389213937
12.7615809847755,-1.11740944940149
12.7707904923878,-1.08036762225019
12.78,-1.05610246498952
12.7934000696928,-1.00380491853227
12.8068001393856,-0.970504486898997
12.8084000696928,-0.96442221424139
12.81,-0.960579850305497
12.8147311877197,-0.942762220714357
12.8194623754394,-0.931607874967761
12.8297311877197,-0.893846813352269
12.84,-0.870686168881347
12.855,-0.817922910676559
12.87,-0.786551559406906
12.8818893114253,-0.746924068589162
12.8937786228506,-0.723942840163915
12.8968893114253,-0.713922055731068
12.9,-0.708150732682431
12.9111433988813,-0.673223005670191
12.9222867977625,-0.65354922924425
12.9261433988813,-0.641884234849294
12.93,-0.635365368740103
12.945,-0.591705661421445
12.96,-0.568050832060936
12.975,-0.527394684222478
12.99,-0.506041549815143
12.995,-0.493201064639483
13,-0.486518847935224
13.01,-0.461751066061932
13.02,-0.449133655306215
13.03323051336,-0.418254042056809
13.04646102672,-0.402961859606786
13.04823051336,-0.39901411138386
13.05,-0.397063519083711
13.0572908793226,-0.381158389869419
13.0645817586452,-0.373425812359913
13.0722908793226,-0.357288470019517
13.08,-0.34957336695995
13.095,-0.320028313524289
13.11,-0.306381276180259
13.125,-0.279309621739682
13.14,-0.267228948342239
13.155,-0.242494896751103
13.17,-0.231845442554258
13.185,-0.209309624176843
13.1996394165887,-0.200177018978897
13.1996394165889,-0.200177018978713
13.1998197082945,-0.200070328526132
13.2,-0.19996377604171
13.2002190186115,-0.199652264821261
13.2003801231802,-0.199514315806849
13.2005412277489,-0.199419341357375
13.2009820204349,-0.198793875151458
13.201422813121,-0.198534788909551
13.202090977426,-0.197589968586591
13.2027591417311,-0.197199279552531
13.2042645542619,-0.195084634607101
13.2057699667926,-0.194213657036932
13.2069553973226,-0.192563021817194
13.2081408278525,-0.1918852902002
13.2093262583825,-0.190247206993749
13.2105116889124,-0.189576742691542
13.2139951616066,-0.184830862677047
13.2174786343007,-0.182906312626667
13.2230836449355,-0.175485948795109
13.2286886555702,-0.172522248705653
13.2293443277851,-0.171673533573377
13.23,-0.17133524028249
13.2321965057543,-0.168516918071493
13.2343930115085,-0.167400291888114
13.2386384618722,-0.162063358707695
13.2428839122358,-0.159973740795338
13.2514419561179,-0.149646228115933
13.26,-0.145700292882965
13.275,-0.128938569475968
13.29,-0.122815936738736
13.305,-0.10771595786106
13.32,-0.102463398763618
13.335,-0.0889003707693174
13.35,-0.0844275394850503
13.365,-0.0722817931806993
13.38,-0.0685053092821431
13.395,-0.0576627424366365
13.41,-0.0545059300138402
13.425,-0.0448583231055081
13.44,-0.0422509391383218
13.455,-0.0336961320328748
13.47,-0.0315740286720284
13.485,-0.0240159101775151
13.5,-0.0223206782210149
13.515,-0.0156692510487658
13.53,-0.0143478878029739
13.545,-0.00851913142736524
13.56,-0.00752366944097051
13.575,-0.0024393468087817
13.59,-0.00172650520690467
13.605,0.00268591490832318
13.62,0.0031550626557919
13.635,0.00696270582989196
13.65,0.00722307709236343
13.665,0.0104878758213854
13.68,0.0105706956451617
13.695,0.0133496387712894
13.71,0.013282749370113
13.725,0.0156281892120388
13.74,0.015436319565014
13.755,0.0173961386967917
13.77,0.0171011823236417
13.785,0.0187191427068966
13.8,0.0183404286332139
13.815,0.0196564377467254
13.83,0.0192109455795213
13.845,0.0202612456104588
13.86,0.0197638369651799
13.875,0.0205813173371898
13.89,0.0200449499858071
13.905,0.0206593809938654
13.92,0.0200952802828966
13.935,0.0205335057438197
13.95,0.0199513496519317
13.965,0.0202375464343579
13.98,0.019645629981852
13.99,0.0197629698703637
14,0.0193659015092626
14.005,0.0194049397300878
14.01,0.0192062286792422
14.025,0.0192512635701232
14.04,0.0186598939514118
14.055,0.0186113714581129
14.07,0.0180281940091434
14.085,0.0179015450249487
14.1,0.0173306517532257
14.115,0.0171395609294906
14.13,0.0165842734266237
14.145,0.0163408256457197
14.16,0.0158037914343516
14.175,0.0155186310751336
14.19,0.0150019049389806
14.205,0.0146843552157078
14.22,0.0141894707816132
14.235,0.0138476557341742
14.25,0.0133757048210378
14.265,0.0130166875681041
14.28,0.0125683740516405
14.295,0.0121982387757586
14.31,0.0117739287338599
14.325,0.011397881493912
14.34,0.0109976676894885
14.355,0.0106201515607807
14.37,0.0102438868267595
14.385,0.00986863710769692
14.4,0.00951596900809259
14.415,0.00914609560476799
14.43,0.00881651755334563
14.445,0.00845459670124393
14.46,0.00814746682248439
14.475,0.00779557798525551
14.49,0.00751014624528216
14.495,0.00739597567564601
14.5,0.00730490679989473
14.51,0.00708006892057807
14.52,0.00690537251311086
14.535,0.0065781430570783
14.55,0.00633355542347626
14.565,0.00602024463861279
14.58,0.00579469873428849
14.595,0.00549597848981797
14.61,0.00528851327212303
14.625,0.0050048118514216
14.64,0.00481445240528672
14.655,0.00454598980827611
14.67,0.00437175870500483
14.685,0.00411857806519551
14.7,0.00395950487511433
14.715,0.00372149992663205
14.73,0.00357662735122627
14.745,0.00335356774285076
14.76,0.00322196396942568
14.775,0.00301352093584523
14.79,0.00289427898359396
14.805,0.00270003810107435
14.82,0.00259228111440556
14.835,0.00241176317112181
14.85,0.00231464859545939
14.865,0.00214732355458735
14.88,0.0020600444185308
14.895,0.00190534616822644
14.91,0.00182713585213973
14.925,0.00168447258976813
14.94,0.00161460243070632
14.955,0.00148336448939352
14.97,0.00142114455103539
14.985,0.00130071566995964
15,0.00124549742387349
15.015,0.00113525995175415
15.03,0.00108643318199031
15.045,0.000985773317157389
15.06,0.00094276573662747
15.075,0.000851080721267951
15.09,0.000813359494781409
15.105,0.000730060102556652
15.12,0.000697128055173462
15.135,0.000621641002896858
15.15,0.000593035430352745
15.165,0.000524808026063595
15.18,0.000500102177756925
15.195,0.000438603614456059
15.21,0.000417402137813742
15.225,0.000362123637954019
15.24,0.00034406192639217
15.255,0.000294518887141039
15.27,0.000279261750389727
15.285,0.000234993679848164
15.3,0.000222232520725422
15.315,0.000182804326479025
15.33,0.000172259384107028
15.345,0.000137262444357454
15.36,0.000128677123044743
15.375,9.77250725676522e-05
15.39,9.08639985647863e-05
15.405,6.35953989280605e-05
15.42,5.82478863280062e-05
15.435,3.43271316087664e-05
15.45,3.03009814996051e-05
15.465,9.41265607056374e-06
15.48,6.53230672753264e-06
15.49,-5.83016754074126e-06
15.5,-7.20875905368532e-06
15.505,-1.29498480338806e-05
15.51,-1.34947109806382e-05
15.525,-2.91723970897128e-05
15.54,-3.02118062564182e-05
15.555,-4.36689897673216e-05
15.57,-4.39844423753362e-05
15.585,-5.54519962248778e-05
15.6,-5.51562546097113e-05
15.615,-6.48463741393051e-05
15.63,-6.40397435371064e-05
15.645,-7.21470620163833e-05
15.66,-7.09185275584326e-05
15.675,-7.76211374642709e-05
15.69,-7.60493167350125e-05
15.705,-8.15097135645537e-05
15.72,-7.96637157303676e-05
15.735,-8.40299276493893e-05
15.75,-8.19705833867543e-05
15.765,-8.53771923168892e-05
15.78,-8.31574750194556e-05
15.795,-8.5726207389645e-05
15.81,-8.33919835679804e-05
15.825,-8.52328947830032e-05
15.84,-8.28239630414991e-05
15.855,-8.40363411750983e-05
15.87,-8.15867512527649e-05
15.885,-8.22596590301108e-05
15.9,-7.97983014648955e-05
15.915,-8.00115903394114e-05
15.93,-7.75630131429268e-05
15.945,-7.73881022571873e-05
15.96,-7.49727531049786e-05
15.975,-7.44731345665325e-05
15.99,-7.21078693352897e-05
15.995,-7.18816692366776e-05
16,-7.11035135209489e-05
16.01,-7.0566942205661e-05
16.02,-6.90368867395886e-05
16.035,-6.80505507588555e-05
16.05,-6.58238853391478e-05
16.065,-6.46629097916173e-05
16.08,-6.25194921565309e-05
16.095,-6.12223714738357e-05
16.11,-5.91685922154289e-05
16.125,-5.7768912491468e-05
16.14,-5.58092860305816e-05
16.155,-5.43362295139679e-05
16.17,-5.24737588724369e-05
16.185,-5.09525693622188e-05
16.2,-4.91888535329852e-05
16.215,-4.76411296320676e-05
16.23,-4.59765689189255e-05
16.245,-4.44207214601661e-05
16.26,-4.28547997319814e-05
16.275,-4.13064133529612e-05
16.29,-3.98377693066671e-05
16.305,-3.83098318262075e-05
16.32,-3.69364017925714e-05
16.335,-3.54396512451352e-05
16.35,-3.41588691088398e-05
16.365,-3.27020729052258e-05
16.38,-3.15109160361272e-05
16.395,-3.01010456557305e-05
16.41,-2.89961321830473e-05
16.425,-2.76386232298362e-05
16.44,-2.66163491884439e-05
16.455,-2.5315311414958e-05
16.47,-2.43718781634566e-05
16.485,-2.31302258784914e-05
16.5,-2.22617046475721e-05
16.515,-2.1081343566714e-05
16.53,-2.02837573136826e-05
16.545,-1.91657433123196e-05
16.56,-1.84351079840896e-05
16.575,-1.7379755890386e-05
16.59,-1.67120979934237e-05
16.605,-1.57190858808947e-05
16.62,-1.51104810983292e-05
16.635,-1.41789691587523e-05
16.65,-1.36255895046558e-05
16.665,-1.27543182255372e-05
16.68,-1.22524355461243e-05
16.695,-1.14397847354838e-05
16.71,-1.09857879513192e-05
16.725,-1.02298589599193e-05
16.74,-9.82028134010088e-06
16.755,-9.11896544674414e-06
16.77,-8.75048320202817e-06
16.785,-8.10150097407212e-06
16.8,-7.77093973169409e-06
16.815,-7.17189586118687e-06
16.83,-6.87624446981859e-06
16.845,-6.32467227390234e-06
16.86,-6.0610781673606e-06
16.875,-5.55446551153499e-06
16.89,-5.32023454091586e-06
16.905,-4.85605682065552e-06
16.92,-4.64865835425485e-06
16.935,-4.22440879077527e-06
16.95,-4.04146831200972e-06
16.965,-3.65467066210046e-06
16.98,-3.49396678789256e-06
16.99,-3.25623833496952e-06
17,-3.15996148447759e-06
17.005,-3.04693635122501e-06
17.01,-3.00177211887101e-06
17.025,-2.68266853531407e-06
17.04,-2.56037044366034e-06
17.055,-2.27165397692617e-06
17.07,-2.1658122495437e-06
17.085,-1.90528521759595e-06
17.1,-1.81424855139049e-06
17.115,-1.57980748483051e-06
17.13,-1.5020517309949e-06
17.145,-1.29168794060772e-06
17.16,-1.22580964578842e-06
17.175,-1.03761346714747e-06
17.19,-9.823244937479e-07
17.205,-0.129096952828215
17.22,-0.132910369510407
17.235,-0.290881385001494
17.25,-0.295066392507495
17.265,-0.436569901276321
17.28,-0.437750556073716
17.295,-0.561279364903041
17.31,-0.558292475255414
17.325,-0.664184675285933
17.34,-0.656903183668012
17.355,-0.746287932208323
17.37,-0.735019271074131
17.385,-0.809360396642916
17.4,-0.79460675037222
17.415,-0.855471960983742
17.43,-0.837797218331784
17.445,-0.886725915025654
17.46,-0.866690053418289
17.475,-0.905130115963449
17.49,-0.883253750098863
17.495,-0.893949568222075
17.5,-0.886330700982109
17.51,-0.904874320582115
17.52,-0.889239450280502
17.535,-0.916544398180489
17.55,-0.892301406642061
17.565,-0.905778084461641
17.58,-0.880729814049569
17.595,-0.888280674537952
17.61,-0.862848775236961
